imageOrigin,mask
0001.jpg,mask_0001.png
0002.jpg,mask_0002.png
0003.jpg,mask_0003.png
0004.jpg,mask_0004.png
0005.jpg,mask_0005.png
0006.jpg,mask_0006.png
0007.jpg,mask_0007.png
0009.jpg,mask_0009.png
0010.jpg,mask_0010.png
0011.jpg,mask_0011.png
0012.jpg,mask_0012.png
0013.jpg,mask_0013.png
0014.jpg,mask_0014.png
0015.jpg,mask_0015.png
0016.jpg,mask_0016.png
0017.jpg,mask_0017.png
0018.jpg,mask_0018.png
0019.jpg,mask_0019.png
0020.jpg,mask_0020.png
0021.jpg,mask_0021.png
0022.jpg,mask_0022.png
0023.jpg,mask_0023.png
0024.jpg,mask_0024.png
0025.jpg,mask_0025.png
0026.jpg,mask_0026.png
0027.jpg,mask_0027.png
0028.jpg,mask_0028.png
0029.jpg,mask_0029.png
0030.jpg,mask_0030.png
0031.jpg,mask_0031.png
0032.jpg,mask_0032.png
0033.jpg,mask_0033.png
0034.jpg,mask_0034.png
0035.jpg,mask_0035.png
0036.jpg,mask_0036.png
0037.jpg,mask_0037.png
0038.jpg,mask_0038.png
0039.jpg,mask_0039.png
0040.jpg,mask_0040.png
0041.jpg,mask_0041.png
0042.jpg,mask_0042.png
0043.jpg,mask_0043.png
0044.jpg,mask_0044.png
0045.jpg,mask_0045.png
0046.jpg,mask_0046.png
0047.jpg,mask_0047.png
0048.jpg,mask_0048.png
0049.jpg,mask_0049.png
0050.jpg,mask_0050.png
0051.jpg,mask_0051.png
0052.jpg,mask_0052.png
0053.jpg,mask_0053.png
0054.jpg,mask_0054.png
0055.jpg,mask_0055.png
0056.jpg,mask_0056.png
0057.jpg,mask_0057.png
0058.jpg,mask_0058.png
0059.jpg,mask_0059.png
0060.jpg,mask_0060.png
0061.jpg,mask_0061.png
0062.jpg,mask_0062.png
0063.jpg,mask_0063.png
0064.jpg,mask_0064.png
0065.jpg,mask_0065.png
0066.jpg,mask_0066.png
0067.jpg,mask_0067.png
0068.jpg,mask_0068.png
0069.jpg,mask_0069.png
0070.jpg,mask_0070.png
0071.jpg,mask_0071.png
0072.jpg,mask_0072.png
0073.jpg,mask_0073.png
0074.jpg,mask_0074.png
0075.jpg,mask_0075.png
0076.jpg,mask_0076.png
0077.jpg,mask_0077.png
0078.jpg,mask_0078.png
0079.jpg,mask_0079.png
0080.jpg,mask_0080.png
0081.jpg,mask_0081.png
0082.jpg,mask_0082.png
0083.jpg,mask_0083.png
0084.jpg,mask_0084.png
0085.jpg,mask_0085.png
0086.jpg,mask_0086.png
0087.jpg,mask_0087.png
0088.jpg,mask_0088.png
0089.jpg,mask_0089.png
0090.jpg,mask_0090.png
0091.jpg,mask_0091.png
0092.jpg,mask_0092.png
0093.jpg,mask_0093.png
0094.jpg,mask_0094.png
0095.jpg,mask_0095.png
0096.jpg,mask_0096.png
0097.jpg,mask_0097.png
0098.jpg,mask_0098.png
0099.jpg,mask_0099.png
0100.jpg,mask_0100.png
0101.jpg,mask_0101.png
0102.jpg,mask_0102.png
0103.jpg,mask_0103.png
0104.jpg,mask_0104.png
0105.jpg,mask_0105.png
0106.jpg,mask_0106.png
0107.jpg,mask_0107.png
0108.jpg,mask_0108.png
0109.jpg,mask_0109.png
0110.jpg,mask_0110.png
0111.jpg,mask_0111.png
0112.jpg,mask_0112.png
0113.jpg,mask_0113.png
0114.jpg,mask_0114.png
0115.jpg,mask_0115.png
0116.jpg,mask_0116.png
0117.jpg,mask_0117.png
0118.jpg,mask_0118.png
0119.jpg,mask_0119.png
0120.jpg,mask_0120.png
0121.jpg,mask_0121.png
0122.jpg,mask_0122.png
0123.jpg,mask_0123.png
0124.jpg,mask_0124.png
0125.jpg,mask_0125.png
0126.jpg,mask_0126.png
0127.jpg,mask_0127.png
0128.jpg,mask_0128.png
0129.jpg,mask_0129.png
0130.jpg,mask_0130.png
0131.jpg,mask_0131.png
0132.jpg,mask_0132.png
0133.jpg,mask_0133.png
0134.jpg,mask_0134.png
0135.jpg,mask_0135.png
0136.jpg,mask_0136.png
0137.jpg,mask_0137.png
0138.jpg,mask_0138.png
0139.jpg,mask_0139.png
0140.jpg,mask_0140.png
0141.jpg,mask_0141.png
0142.jpg,mask_0142.png
0143.jpg,mask_0143.png
0144.jpg,mask_0144.png
0145.jpg,mask_0145.png
0146.jpg,mask_0146.png
0147.jpg,mask_0147.png
0148.jpg,mask_0148.png
0149.jpg,mask_0149.png
0150.jpg,mask_0150.png
0151.jpg,mask_0151.png
0152.jpg,mask_0152.png
0153.jpg,mask_0153.png
0154.jpg,mask_0154.png
0155.jpg,mask_0155.png
0156.jpg,mask_0156.png
0157.jpg,mask_0157.png
0158.jpg,mask_0158.png
0159.jpg,mask_0159.png
0160.jpg,mask_0160.png
0161.jpg,mask_0161.png
0162.jpg,mask_0162.png
0163.jpg,mask_0163.png
0164.jpg,mask_0164.png
0165.jpg,mask_0165.png
0166.jpg,mask_0166.png
0167.jpg,mask_0167.png
0168.jpg,mask_0168.png
0169.jpg,mask_0169.png
0170.jpg,mask_0170.png
0171.jpg,mask_0171.png
0172.jpg,mask_0172.png
0173.jpg,mask_0173.png
0174.jpg,mask_0174.png
0175.jpg,mask_0175.png
0176.jpg,mask_0176.png
0177.jpg,mask_0177.png
0178.jpg,mask_0178.png
0179.jpg,mask_0179.png
0180.jpg,mask_0180.png
0181.jpg,mask_0181.png
0182.jpg,mask_0182.png
0183.jpg,mask_0183.png
0184.jpg,mask_0184.png
0185.jpg,mask_0185.png
0186.jpg,mask_0186.png
0187.jpg,mask_0187.png
0188.jpg,mask_0188.png
0189.jpg,mask_0189.png
0190.jpg,mask_0190.png
0191.jpg,mask_0191.png
0192.jpg,mask_0192.png
0193.jpg,mask_0193.png
0194.jpg,mask_0194.png
0195.jpg,mask_0195.png
0196.jpg,mask_0196.png
0197.jpg,mask_0197.png
0198.jpg,mask_0198.png
0199.jpg,mask_0199.png
0200.jpg,mask_0200.png
0203.jpg,mask_0203.png
0207.jpg,mask_0207.png
0213.jpg,mask_0213.png
0215.jpg,mask_0215.png
0217.jpg,mask_0217.png
0223.jpg,mask_0223.png
0230.jpg,mask_0230.png
0257.jpg,mask_0257.png
0258.jpg,mask_0258.png
0260.jpg,mask_0260.png
0262.jpg,mask_0262.png
0263.jpg,mask_0263.png
0264.jpg,mask_0264.png
0265.jpg,mask_0265.png
0266.jpg,mask_0266.png
0270.jpg,mask_0270.png
0271.jpg,mask_0271.png
0272.jpg,mask_0272.png
0274.jpg,mask_0274.png
0275.jpg,mask_0275.png
0276.jpg,mask_0276.png
0278.jpg,mask_0278.png
0279.jpg,mask_0279.png
0280.jpg,mask_0280.png
0281.jpg,mask_0281.png
0282.jpg,mask_0282.png
0283.jpg,mask_0283.png
0284.jpg,mask_0284.png
0285.jpg,mask_0285.png
0286.jpg,mask_0286.png
0287.jpg,mask_0287.png
0289.jpg,mask_0289.png
0291.jpg,mask_0291.png
0292.jpg,mask_0292.png
0294.jpg,mask_0294.png
0295.jpg,mask_0295.png
0296.jpg,mask_0296.png
0297.jpg,mask_0297.png
0298.jpg,mask_0298.png
0300.jpg,mask_0300.png
0301.jpg,mask_0301.png
0302.jpg,mask_0302.png
0303.jpg,mask_0303.png
0304.jpg,mask_0304.png
0305.jpg,mask_0305.png
0306.jpg,mask_0306.png
0307.jpg,mask_0307.png
0308.jpg,mask_0308.png
0309.jpg,mask_0309.png
0310.jpg,mask_0310.png
0311.jpg,mask_0311.png
0312.jpg,mask_0312.png
0313.jpg,mask_0313.png
0314.jpg,mask_0314.png
0315.jpg,mask_0315.png
0316.jpg,mask_0316.png
0317.jpg,mask_0317.png
0318.jpg,mask_0318.png
0319.jpg,mask_0319.png
0320.jpg,mask_0320.png
0321.jpg,mask_0321.png
0322.jpg,mask_0322.png
0323.jpg,mask_0323.png
0324.jpg,mask_0324.png
0325.jpg,mask_0325.png
0326.jpg,mask_0326.png
0327.jpg,mask_0327.png
0328.jpg,mask_0328.png
0329.jpg,mask_0329.png
0330.jpg,mask_0330.png
0331.jpg,mask_0331.png
0333.jpg,mask_0333.png
0334.jpg,mask_0334.png
0335.jpg,mask_0335.png
0336.jpg,mask_0336.png
0337.jpg,mask_0337.png
0338.jpg,mask_0338.png
0339.jpg,mask_0339.png
0340.jpg,mask_0340.png
0342.jpg,mask_0342.png
0343.jpg,mask_0343.png
0344.jpg,mask_0344.png
0345.jpg,mask_0345.png
0346.jpg,mask_0346.png
0347.jpg,mask_0347.png
0348.jpg,mask_0348.png
0349.jpg,mask_0349.png
0350.jpg,mask_0350.png
0352.jpg,mask_0352.png
0353.jpg,mask_0353.png
0354.jpg,mask_0354.png
0355.jpg,mask_0355.png
0356.jpg,mask_0356.png
0357.jpg,mask_0357.png
0358.jpg,mask_0358.png
0359.jpg,mask_0359.png
0360.jpg,mask_0360.png
0361.jpg,mask_0361.png
0362.jpg,mask_0362.png
0363.jpg,mask_0363.png
0364.jpg,mask_0364.png
0365.jpg,mask_0365.png
0366.jpg,mask_0366.png
0367.jpg,mask_0367.png
0368.jpg,mask_0368.png
0369.jpg,mask_0369.png
0370.jpg,mask_0370.png
0372.jpg,mask_0372.png
0374.jpg,mask_0374.png
0375.jpg,mask_0375.png
0376.jpg,mask_0376.png
0377.jpg,mask_0377.png
0378.jpg,mask_0378.png
0379.jpg,mask_0379.png
0380.jpg,mask_0380.png
0381.jpg,mask_0381.png
0382.jpg,mask_0382.png
0383.jpg,mask_0383.png
0384.jpg,mask_0384.png
0385.jpg,mask_0385.png
0386.jpg,mask_0386.png
0387.jpg,mask_0387.png
0388.jpg,mask_0388.png
0389.jpg,mask_0389.png
0390.jpg,mask_0390.png
0391.jpg,mask_0391.png
0392.jpg,mask_0392.png
0393.jpg,mask_0393.png
0394.jpg,mask_0394.png
0395.jpg,mask_0395.png
0396.jpg,mask_0396.png
0397.jpg,mask_0397.png
0398.jpg,mask_0398.png
0399.jpg,mask_0399.png
0400.jpg,mask_0400.png
0401.jpg,mask_0401.png
0402.jpg,mask_0402.png
0403.jpg,mask_0403.png
0404.jpg,mask_0404.png
0405.jpg,mask_0405.png
0406.jpg,mask_0406.png
0407.jpg,mask_0407.png
0409.jpg,mask_0409.png
0410.jpg,mask_0410.png
0411.jpg,mask_0411.png
0412.jpg,mask_0412.png
0413.jpg,mask_0413.png
0414.jpg,mask_0414.png
0415.jpg,mask_0415.png
0416.jpg,mask_0416.png
0417.jpg,mask_0417.png
0418.jpg,mask_0418.png
0419.jpg,mask_0419.png
0420.jpg,mask_0420.png
0421.jpg,mask_0421.png
0422.jpg,mask_0422.png
0423.jpg,mask_0423.png
0424.jpg,mask_0424.png
0425.jpg,mask_0425.png
0426.jpg,mask_0426.png
0427.jpg,mask_0427.png
0428.jpg,mask_0428.png
0429.jpg,mask_0429.png
0430.jpg,mask_0430.png
0431.jpg,mask_0431.png
0432.jpg,mask_0432.png
0433.jpg,mask_0433.png
0434.jpg,mask_0434.png
0435.jpg,mask_0435.png
0436.jpg,mask_0436.png
0437.jpg,mask_0437.png
0438.jpg,mask_0438.png
0439.jpg,mask_0439.png
0440.jpg,mask_0440.png
0441.jpg,mask_0441.png
0442.jpg,mask_0442.png
0443.jpg,mask_0443.png
0444.jpg,mask_0444.png
0445.jpg,mask_0445.png
0446.jpg,mask_0446.png
0447.jpg,mask_0447.png
0448.jpg,mask_0448.png
0449.jpg,mask_0449.png
0450.jpg,mask_0450.png
0451.jpg,mask_0451.png
0452.jpg,mask_0452.png
0453.jpg,mask_0453.png
0454.jpg,mask_0454.png
0455.jpg,mask_0455.png
0456.jpg,mask_0456.png
0457.jpg,mask_0457.png
0458.jpg,mask_0458.png
0459.jpg,mask_0459.png
0460.jpg,mask_0460.png
0461.jpg,mask_0461.png
0462.jpg,mask_0462.png
0463.jpg,mask_0463.png
0464.jpg,mask_0464.png
0465.jpg,mask_0465.png
0466.jpg,mask_0466.png
0467.jpg,mask_0467.png
0468.jpg,mask_0468.png
0469.jpg,mask_0469.png
0470.jpg,mask_0470.png
0471.jpg,mask_0471.png
0472.jpg,mask_0472.png
0473.jpg,mask_0473.png
0474.jpg,mask_0474.png
0475.jpg,mask_0475.png
0476.jpg,mask_0476.png
0477.jpg,mask_0477.png
0478.jpg,mask_0478.png
0479.jpg,mask_0479.png
0480.jpg,mask_0480.png
0481.jpg,mask_0481.png
0482.jpg,mask_0482.png
0483.jpg,mask_0483.png
0484.jpg,mask_0484.png
0485.jpg,mask_0485.png
0486.jpg,mask_0486.png
0487.jpg,mask_0487.png
0488.jpg,mask_0488.png
0489.jpg,mask_0489.png
0490.jpg,mask_0490.png
0491.jpg,mask_0491.png
0492.jpg,mask_0492.png
0493.jpg,mask_0493.png
0494.jpg,mask_0494.png
0495.jpg,mask_0495.png
0496.jpg,mask_0496.png
0497.jpg,mask_0497.png
0498.jpg,mask_0498.png
0499.jpg,mask_0499.png
0500.jpg,mask_0500.png
0501.jpg,mask_0501.png
0502.jpg,mask_0502.png
0503.jpg,mask_0503.png
0504.jpg,mask_0504.png
0505.jpg,mask_0505.png
0506.jpg,mask_0506.png
0507.jpg,mask_0507.png
0508.jpg,mask_0508.png
0509.jpg,mask_0509.png
0510.jpg,mask_0510.png
0511.jpg,mask_0511.png
0512.jpg,mask_0512.png
0513.jpg,mask_0513.png
0514.jpg,mask_0514.png
0515.jpg,mask_0515.png
0516.jpg,mask_0516.png
0517.jpg,mask_0517.png
0518.jpg,mask_0518.png
0519.jpg,mask_0519.png
0520.jpg,mask_0520.png
0521.jpg,mask_0521.png
0522.jpg,mask_0522.png
0523.jpg,mask_0523.png
0524.jpg,mask_0524.png
0525.jpg,mask_0525.png
0526.jpg,mask_0526.png
0527.jpg,mask_0527.png
0528.jpg,mask_0528.png
0529.jpg,mask_0529.png
0530.jpg,mask_0530.png
0531.jpg,mask_0531.png
0532.jpg,mask_0532.png
0533.jpg,mask_0533.png
0534.jpg,mask_0534.png
0535.jpg,mask_0535.png
0536.jpg,mask_0536.png
0537.jpg,mask_0537.png
0538.jpg,mask_0538.png
0539.jpg,mask_0539.png
0540.jpg,mask_0540.png
0541.jpg,mask_0541.png
0542.jpg,mask_0542.png
0543.jpg,mask_0543.png
0544.jpg,mask_0544.png
0545.jpg,mask_0545.png
0546.jpg,mask_0546.png
0547.jpg,mask_0547.png
0548.jpg,mask_0548.png
0549.jpg,mask_0549.png
0550.jpg,mask_0550.png
0551.jpg,mask_0551.png
0552.jpg,mask_0552.png
0553.jpg,mask_0553.png
0554.jpg,mask_0554.png
0555.jpg,mask_0555.png
0556.jpg,mask_0556.png
0557.jpg,mask_0557.png
0558.jpg,mask_0558.png
0559.jpg,mask_0559.png
0560.jpg,mask_0560.png
0561.jpg,mask_0561.png
0562.jpg,mask_0562.png
0563.jpg,mask_0563.png
0564.jpg,mask_0564.png
0565.jpg,mask_0565.png
0566.jpg,mask_0566.png
0567.jpg,mask_0567.png
0568.jpg,mask_0568.png
0569.jpg,mask_0569.png
0570.jpg,mask_0570.png
0571.jpg,mask_0571.png
0572.jpg,mask_0572.png
0573.jpg,mask_0573.png
0574.jpg,mask_0574.png
0575.jpg,mask_0575.png
0576.jpg,mask_0576.png
0577.jpg,mask_0577.png
0578.jpg,mask_0578.png
0579.jpg,mask_0579.png
0580.jpg,mask_0580.png
0581.jpg,mask_0581.png
0582.jpg,mask_0582.png
0583.jpg,mask_0583.png
0584.jpg,mask_0584.png
0585.jpg,mask_0585.png
0586.jpg,mask_0586.png
0587.jpg,mask_0587.png
0588.jpg,mask_0588.png
0589.jpg,mask_0589.png
0590.jpg,mask_0590.png
0591.jpg,mask_0591.png
0592.jpg,mask_0592.png
0593.jpg,mask_0593.png
0594.jpg,mask_0594.png
0595.jpg,mask_0595.png
0596.jpg,mask_0596.png
0597.jpg,mask_0597.png
0598.jpg,mask_0598.png
0599.jpg,mask_0599.png
0600.jpg,mask_0600.png
0601.jpg,mask_0601.png
0602.jpg,mask_0602.png
0603.jpg,mask_0603.png
0604.jpg,mask_0604.png
0605.jpg,mask_0605.png
0606.jpg,mask_0606.png
0607.jpg,mask_0607.png
0608.jpg,mask_0608.png
0609.jpg,mask_0609.png
0610.jpg,mask_0610.png
0611.jpg,mask_0611.png
0612.jpg,mask_0612.png
0613.jpg,mask_0613.png
0614.jpg,mask_0614.png
0615.jpg,mask_0615.png
0616.jpg,mask_0616.png
0617.jpg,mask_0617.png
0618.jpg,mask_0618.png
0619.jpg,mask_0619.png
0620.jpg,mask_0620.png
0621.jpg,mask_0621.png
0622.jpg,mask_0622.png
0623.jpg,mask_0623.png
0624.jpg,mask_0624.png
0625.jpg,mask_0625.png
0626.jpg,mask_0626.png
0627.jpg,mask_0627.png
0628.jpg,mask_0628.png
0629.jpg,mask_0629.png
0630.jpg,mask_0630.png
0631.jpg,mask_0631.png
0632.jpg,mask_0632.png
0634.jpg,mask_0634.png
0635.jpg,mask_0635.png
0636.jpg,mask_0636.png
0637.jpg,mask_0637.png
0638.jpg,mask_0638.png
0639.jpg,mask_0639.png
0640.jpg,mask_0640.png
0641.jpg,mask_0641.png
0642.jpg,mask_0642.png
0643.jpg,mask_0643.png
0644.jpg,mask_0644.png
0645.jpg,mask_0645.png
0646.jpg,mask_0646.png
0647.jpg,mask_0647.png
0648.jpg,mask_0648.png
0649.jpg,mask_0649.png
0650.jpg,mask_0650.png
0651.jpg,mask_0651.png
0652.jpg,mask_0652.png
0653.jpg,mask_0653.png
0654.jpg,mask_0654.png
0655.jpg,mask_0655.png
0656.jpg,mask_0656.png
0657.jpg,mask_0657.png
0658.jpg,mask_0658.png
0659.jpg,mask_0659.png
0660.jpg,mask_0660.png
0661.jpg,mask_0661.png
0662.jpg,mask_0662.png
0663.jpg,mask_0663.png
0664.jpg,mask_0664.png
0665.jpg,mask_0665.png
0666.jpg,mask_0666.png
0667.jpg,mask_0667.png
0668.jpg,mask_0668.png
0669.jpg,mask_0669.png
0670.jpg,mask_0670.png
0671.jpg,mask_0671.png
0672.jpg,mask_0672.png
0673.jpg,mask_0673.png
0674.jpg,mask_0674.png
0675.jpg,mask_0675.png
0676.jpg,mask_0676.png
0677.jpg,mask_0677.png
0678.jpg,mask_0678.png
0679.jpg,mask_0679.png
0680.jpg,mask_0680.png
0681.jpg,mask_0681.png
0682.jpg,mask_0682.png
0683.jpg,mask_0683.png
0684.jpg,mask_0684.png
0685.jpg,mask_0685.png
0686.jpg,mask_0686.png
0687.jpg,mask_0687.png
0688.jpg,mask_0688.png
0689.jpg,mask_0689.png
0690.jpg,mask_0690.png
0691.jpg,mask_0691.png
0692.jpg,mask_0692.png
0693.jpg,mask_0693.png
0694.jpg,mask_0694.png
0695.jpg,mask_0695.png
0696.jpg,mask_0696.png
0697.jpg,mask_0697.png
0698.jpg,mask_0698.png
0700.jpg,mask_0700.png
0701.jpg,mask_0701.png
0702.jpg,mask_0702.png
0703.jpg,mask_0703.png
0704.jpg,mask_0704.png
0705.jpg,mask_0705.png
0706.jpg,mask_0706.png
0707.jpg,mask_0707.png
0708.jpg,mask_0708.png
0709.jpg,mask_0709.png
0710.jpg,mask_0710.png
0711.jpg,mask_0711.png
0712.jpg,mask_0712.png
0713.jpg,mask_0713.png
0714.jpg,mask_0714.png
0715.jpg,mask_0715.png
0716.jpg,mask_0716.png
0717.jpg,mask_0717.png
0718.jpg,mask_0718.png
0719.jpg,mask_0719.png
0720.jpg,mask_0720.png
0721.jpg,mask_0721.png
0722.jpg,mask_0722.png
0723.jpg,mask_0723.png
0724.jpg,mask_0724.png
0725.jpg,mask_0725.png
0726.jpg,mask_0726.png
0727.jpg,mask_0727.png
0728.jpg,mask_0728.png
0729.jpg,mask_0729.png
0730.jpg,mask_0730.png
0731.jpg,mask_0731.png
0732.jpg,mask_0732.png
0733.jpg,mask_0733.png
0734.jpg,mask_0734.png
0735.jpg,mask_0735.png
0736.jpg,mask_0736.png
0737.jpg,mask_0737.png
0738.jpg,mask_0738.png
0739.jpg,mask_0739.png
0740.jpg,mask_0740.png
0741.jpg,mask_0741.png
0742.jpg,mask_0742.png
0743.jpg,mask_0743.png
0744.jpg,mask_0744.png
0745.jpg,mask_0745.png
0746.jpg,mask_0746.png
0747.jpg,mask_0747.png
0748.jpg,mask_0748.png
0749.jpg,mask_0749.png
0750.jpg,mask_0750.png
0752.jpg,mask_0752.png
0754.jpg,mask_0754.png
0756.jpg,mask_0756.png
0758.jpg,mask_0758.png
0759.jpg,mask_0759.png
0760.jpg,mask_0760.png
0762.jpg,mask_0762.png
0763.jpg,mask_0763.png
0764.jpg,mask_0764.png
0765.jpg,mask_0765.png
0766.jpg,mask_0766.png
0768.jpg,mask_0768.png
0769.jpg,mask_0769.png
0770.jpg,mask_0770.png
0771.jpg,mask_0771.png
0772.jpg,mask_0772.png
0773.jpg,mask_0773.png