,image,mask
0,0705.jpg,mask_0705.png
1,0109.jpg,mask_0109.png
2,0019.jpg,mask_0019.png
3,0509.jpg,mask_0509.png
4,0433.jpg,mask_0433.png
5,0421.jpg,mask_0421.png
6,0047.jpg,mask_0047.png
7,0161.jpg,mask_0161.png
8,0513.jpg,mask_0513.png
9,0414.jpg,mask_0414.png
10,0013.jpg,mask_0013.png
11,0090.jpg,mask_0090.png
12,0500.jpg,mask_0500.png
13,0636.jpg,mask_0636.png
14,0149.jpg,mask_0149.png
15,0741.jpg,mask_0741.png
16,0402.jpg,mask_0402.png
17,0520.jpg,mask_0520.png
18,0654.jpg,mask_0654.png
19,0340.jpg,mask_0340.png
20,0123.jpg,mask_0123.png
21,0051.jpg,mask_0051.png
22,0033.jpg,mask_0033.png
23,0568.jpg,mask_0568.png
24,0294.jpg,mask_0294.png
25,0400.jpg,mask_0400.png
26,0744.jpg,mask_0744.png
27,0337.jpg,mask_0337.png
28,0704.jpg,mask_0704.png
29,0432.jpg,mask_0432.png
30,0118.jpg,mask_0118.png
31,0556.jpg,mask_0556.png
32,0349.jpg,mask_0349.png
33,0097.jpg,mask_0097.png
34,0677.jpg,mask_0677.png
35,0369.jpg,mask_0369.png
36,0482.jpg,mask_0482.png
37,0324.jpg,mask_0324.png
38,0309.jpg,mask_0309.png
39,0064.jpg,mask_0064.png
40,0428.jpg,mask_0428.png
41,0510.jpg,mask_0510.png
42,0759.jpg,mask_0759.png
43,0137.jpg,mask_0137.png
44,0472.jpg,mask_0472.png
45,0495.jpg,mask_0495.png
46,0366.jpg,mask_0366.png
47,0640.jpg,mask_0640.png
48,0420.jpg,mask_0420.png
49,0707.jpg,mask_0707.png
50,0516.jpg,mask_0516.png
51,0092.jpg,mask_0092.png
52,0497.jpg,mask_0497.png
53,0680.jpg,mask_0680.png
54,0031.jpg,mask_0031.png
55,0275.jpg,mask_0275.png
56,0270.jpg,mask_0270.png
57,0317.jpg,mask_0317.png
58,0358.jpg,mask_0358.png
59,0411.jpg,mask_0411.png
60,0310.jpg,mask_0310.png
61,0507.jpg,mask_0507.png
62,0552.jpg,mask_0552.png
63,0591.jpg,mask_0591.png
64,0162.jpg,mask_0162.png
65,0508.jpg,mask_0508.png
66,0364.jpg,mask_0364.png
67,0645.jpg,mask_0645.png
68,0105.jpg,mask_0105.png
69,0728.jpg,mask_0728.png
70,0148.jpg,mask_0148.png
71,0415.jpg,mask_0415.png
72,0350.jpg,mask_0350.png
73,0167.jpg,mask_0167.png
74,0561.jpg,mask_0561.png
75,0082.jpg,mask_0082.png
76,0490.jpg,mask_0490.png
77,0611.jpg,mask_0611.png
78,0496.jpg,mask_0496.png
79,0197.jpg,mask_0197.png
80,0004.jpg,mask_0004.png
81,0470.jpg,mask_0470.png
82,0011.jpg,mask_0011.png
83,0501.jpg,mask_0501.png
84,0467.jpg,mask_0467.png
85,0418.jpg,mask_0418.png
86,0614.jpg,mask_0614.png
87,0181.jpg,mask_0181.png
88,0462.jpg,mask_0462.png
89,0319.jpg,mask_0319.png
90,0436.jpg,mask_0436.png
91,0426.jpg,mask_0426.png
92,0385.jpg,mask_0385.png
93,0506.jpg,mask_0506.png
94,0615.jpg,mask_0615.png
95,0303.jpg,mask_0303.png
96,0199.jpg,mask_0199.png
97,0042.jpg,mask_0042.png
98,0580.jpg,mask_0580.png
99,0613.jpg,mask_0613.png
100,0445.jpg,mask_0445.png
101,0006.jpg,mask_0006.png
102,0521.jpg,mask_0521.png
103,0307.jpg,mask_0307.png
104,0442.jpg,mask_0442.png
105,0551.jpg,mask_0551.png
106,0040.jpg,mask_0040.png
107,0548.jpg,mask_0548.png
108,0731.jpg,mask_0731.png
109,0760.jpg,mask_0760.png
110,0637.jpg,mask_0637.png
111,0754.jpg,mask_0754.png
112,0164.jpg,mask_0164.png
113,0069.jpg,mask_0069.png
114,0126.jpg,mask_0126.png
115,0041.jpg,mask_0041.png
116,0005.jpg,mask_0005.png
117,0035.jpg,mask_0035.png
118,0502.jpg,mask_0502.png
119,0101.jpg,mask_0101.png
120,0665.jpg,mask_0665.png
121,0297.jpg,mask_0297.png
122,0697.jpg,mask_0697.png
123,0423.jpg,mask_0423.png
124,0474.jpg,mask_0474.png
125,0564.jpg,mask_0564.png
126,0454.jpg,mask_0454.png
127,0693.jpg,mask_0693.png
128,0188.jpg,mask_0188.png
129,0701.jpg,mask_0701.png
130,0698.jpg,mask_0698.png
131,0322.jpg,mask_0322.png
132,0446.jpg,mask_0446.png
133,0668.jpg,mask_0668.png
134,0207.jpg,mask_0207.png
135,0734.jpg,mask_0734.png
136,0080.jpg,mask_0080.png
137,0575.jpg,mask_0575.png
138,0044.jpg,mask_0044.png
139,0135.jpg,mask_0135.png
140,0406.jpg,mask_0406.png
141,0642.jpg,mask_0642.png
142,0312.jpg,mask_0312.png
143,0679.jpg,mask_0679.png
144,0447.jpg,mask_0447.png
145,0748.jpg,mask_0748.png
146,0194.jpg,mask_0194.png
147,0511.jpg,mask_0511.png
148,0422.jpg,mask_0422.png
149,0401.jpg,mask_0401.png
150,0590.jpg,mask_0590.png
151,0725.jpg,mask_0725.png
152,0504.jpg,mask_0504.png
153,0159.jpg,mask_0159.png
154,0555.jpg,mask_0555.png
155,0515.jpg,mask_0515.png
156,0740.jpg,mask_0740.png
157,0592.jpg,mask_0592.png
158,0104.jpg,mask_0104.png
159,0054.jpg,mask_0054.png
160,0713.jpg,mask_0713.png
161,0409.jpg,mask_0409.png
162,0413.jpg,mask_0413.png
163,0099.jpg,mask_0099.png
164,0603.jpg,mask_0603.png
165,0130.jpg,mask_0130.png
166,0179.jpg,mask_0179.png
167,0112.jpg,mask_0112.png
168,0588.jpg,mask_0588.png
169,0503.jpg,mask_0503.png
170,0390.jpg,mask_0390.png
171,0566.jpg,mask_0566.png
172,0144.jpg,mask_0144.png
173,0628.jpg,mask_0628.png
174,0007.jpg,mask_0007.png
175,0329.jpg,mask_0329.png
176,0607.jpg,mask_0607.png
177,0298.jpg,mask_0298.png
178,0549.jpg,mask_0549.png
179,0060.jpg,mask_0060.png
180,0292.jpg,mask_0292.png
181,0706.jpg,mask_0706.png
182,0639.jpg,mask_0639.png
183,0217.jpg,mask_0217.png
184,0646.jpg,mask_0646.png
185,0348.jpg,mask_0348.png
186,0451.jpg,mask_0451.png
187,0003.jpg,mask_0003.png
188,0700.jpg,mask_0700.png
189,0274.jpg,mask_0274.png
190,0048.jpg,mask_0048.png
191,0739.jpg,mask_0739.png
192,0283.jpg,mask_0283.png
193,0020.jpg,mask_0020.png
194,0170.jpg,mask_0170.png
195,0625.jpg,mask_0625.png
196,0357.jpg,mask_0357.png
197,0627.jpg,mask_0627.png
198,0650.jpg,mask_0650.png
199,0593.jpg,mask_0593.png
200,0395.jpg,mask_0395.png
201,0347.jpg,mask_0347.png
202,0716.jpg,mask_0716.png
203,0622.jpg,mask_0622.png
204,0589.jpg,mask_0589.png
205,0439.jpg,mask_0439.png
206,0095.jpg,mask_0095.png
207,0266.jpg,mask_0266.png
208,0320.jpg,mask_0320.png
209,0404.jpg,mask_0404.png
210,0356.jpg,mask_0356.png
211,0489.jpg,mask_0489.png
212,0108.jpg,mask_0108.png
213,0117.jpg,mask_0117.png
214,0736.jpg,mask_0736.png
215,0769.jpg,mask_0769.png
216,0563.jpg,mask_0563.png
217,0038.jpg,mask_0038.png
218,0562.jpg,mask_0562.png
219,0574.jpg,mask_0574.png
220,0223.jpg,mask_0223.png
221,0306.jpg,mask_0306.png
222,0279.jpg,mask_0279.png
223,0308.jpg,mask_0308.png
224,0498.jpg,mask_0498.png
225,0608.jpg,mask_0608.png
226,0572.jpg,mask_0572.png
227,0419.jpg,mask_0419.png
228,0311.jpg,mask_0311.png
229,0124.jpg,mask_0124.png
230,0660.jpg,mask_0660.png
231,0166.jpg,mask_0166.png
232,0662.jpg,mask_0662.png
233,0631.jpg,mask_0631.png
234,0643.jpg,mask_0643.png
235,0301.jpg,mask_0301.png
236,0085.jpg,mask_0085.png
237,0525.jpg,mask_0525.png
238,0360.jpg,mask_0360.png
239,0656.jpg,mask_0656.png
240,0072.jpg,mask_0072.png
241,0745.jpg,mask_0745.png
242,0464.jpg,mask_0464.png
243,0100.jpg,mask_0100.png
244,0483.jpg,mask_0483.png
245,0711.jpg,mask_0711.png
246,0427.jpg,mask_0427.png
247,0032.jpg,mask_0032.png
248,0407.jpg,mask_0407.png
249,0752.jpg,mask_0752.png
250,0129.jpg,mask_0129.png
251,0651.jpg,mask_0651.png
252,0002.jpg,mask_0002.png
253,0505.jpg,mask_0505.png
254,0029.jpg,mask_0029.png
255,0091.jpg,mask_0091.png
256,0375.jpg,mask_0375.png
257,0075.jpg,mask_0075.png
258,0186.jpg,mask_0186.png
259,0173.jpg,mask_0173.png
260,0658.jpg,mask_0658.png
261,0618.jpg,mask_0618.png
262,0596.jpg,mask_0596.png
263,0569.jpg,mask_0569.png
264,0093.jpg,mask_0093.png
265,0531.jpg,mask_0531.png
266,0438.jpg,mask_0438.png
267,0670.jpg,mask_0670.png
268,0127.jpg,mask_0127.png
269,0746.jpg,mask_0746.png
270,0478.jpg,mask_0478.png
271,0382.jpg,mask_0382.png
272,0444.jpg,mask_0444.png
273,0014.jpg,mask_0014.png
274,0671.jpg,mask_0671.png
275,0532.jpg,mask_0532.png
276,0773.jpg,mask_0773.png
277,0721.jpg,mask_0721.png
278,0750.jpg,mask_0750.png
279,0300.jpg,mask_0300.png
280,0116.jpg,mask_0116.png
281,0623.jpg,mask_0623.png
282,0376.jpg,mask_0376.png
283,0477.jpg,mask_0477.png
284,0145.jpg,mask_0145.png
285,0528.jpg,mask_0528.png
286,0016.jpg,mask_0016.png
287,0726.jpg,mask_0726.png
288,0056.jpg,mask_0056.png
289,0260.jpg,mask_0260.png
290,0412.jpg,mask_0412.png
291,0133.jpg,mask_0133.png
292,0448.jpg,mask_0448.png
293,0176.jpg,mask_0176.png
294,0667.jpg,mask_0667.png
295,0193.jpg,mask_0193.png
296,0333.jpg,mask_0333.png
297,0475.jpg,mask_0475.png
298,0541.jpg,mask_0541.png
299,0125.jpg,mask_0125.png
300,0140.jpg,mask_0140.png
301,0708.jpg,mask_0708.png
302,0053.jpg,mask_0053.png
303,0278.jpg,mask_0278.png
304,0114.jpg,mask_0114.png
305,0327.jpg,mask_0327.png
306,0579.jpg,mask_0579.png
307,0335.jpg,mask_0335.png
308,0410.jpg,mask_0410.png
309,0318.jpg,mask_0318.png
310,0184.jpg,mask_0184.png
311,0107.jpg,mask_0107.png
312,0365.jpg,mask_0365.png
313,0514.jpg,mask_0514.png
314,0762.jpg,mask_0762.png
315,0598.jpg,mask_0598.png
316,0302.jpg,mask_0302.png
317,0289.jpg,mask_0289.png
318,0155.jpg,mask_0155.png
319,0393.jpg,mask_0393.png
320,0230.jpg,mask_0230.png
321,0526.jpg,mask_0526.png
322,0587.jpg,mask_0587.png
323,0359.jpg,mask_0359.png
324,0152.jpg,mask_0152.png
325,0158.jpg,mask_0158.png
326,0533.jpg,mask_0533.png
327,0165.jpg,mask_0165.png
328,0169.jpg,mask_0169.png
329,0542.jpg,mask_0542.png
330,0257.jpg,mask_0257.png
331,0190.jpg,mask_0190.png
332,0387.jpg,mask_0387.png
333,0391.jpg,mask_0391.png
334,0147.jpg,mask_0147.png
335,0160.jpg,mask_0160.png
336,0284.jpg,mask_0284.png
337,0272.jpg,mask_0272.png
338,0196.jpg,mask_0196.png
339,0215.jpg,mask_0215.png
340,0363.jpg,mask_0363.png
341,0676.jpg,mask_0676.png
342,0691.jpg,mask_0691.png
343,0612.jpg,mask_0612.png
344,0601.jpg,mask_0601.png
345,0081.jpg,mask_0081.png
346,0457.jpg,mask_0457.png
347,0732.jpg,mask_0732.png
348,0177.jpg,mask_0177.png
349,0695.jpg,mask_0695.png
350,0096.jpg,mask_0096.png
351,0287.jpg,mask_0287.png
352,0586.jpg,mask_0586.png
353,0344.jpg,mask_0344.png
354,0606.jpg,mask_0606.png
355,0471.jpg,mask_0471.png
356,0597.jpg,mask_0597.png
357,0286.jpg,mask_0286.png
358,0102.jpg,mask_0102.png
359,0355.jpg,mask_0355.png
360,0770.jpg,mask_0770.png
361,0512.jpg,mask_0512.png
362,0434.jpg,mask_0434.png
363,0730.jpg,mask_0730.png
364,0055.jpg,mask_0055.png
365,0285.jpg,mask_0285.png
366,0459.jpg,mask_0459.png
367,0743.jpg,mask_0743.png
368,0772.jpg,mask_0772.png
369,0156.jpg,mask_0156.png
370,0313.jpg,mask_0313.png
371,0338.jpg,mask_0338.png
372,0567.jpg,mask_0567.png
373,0543.jpg,mask_0543.png
374,0334.jpg,mask_0334.png
375,0046.jpg,mask_0046.png
376,0115.jpg,mask_0115.png
377,0026.jpg,mask_0026.png
378,0264.jpg,mask_0264.png
379,0171.jpg,mask_0171.png
380,0034.jpg,mask_0034.png
381,0111.jpg,mask_0111.png
382,0138.jpg,mask_0138.png
383,0397.jpg,mask_0397.png
384,0280.jpg,mask_0280.png
385,0030.jpg,mask_0030.png
386,0352.jpg,mask_0352.png
387,0057.jpg,mask_0057.png
388,0682.jpg,mask_0682.png
389,0694.jpg,mask_0694.png
390,0050.jpg,mask_0050.png
391,0756.jpg,mask_0756.png
392,0545.jpg,mask_0545.png
393,0065.jpg,mask_0065.png
394,0481.jpg,mask_0481.png
395,0452.jpg,mask_0452.png
396,0686.jpg,mask_0686.png
397,0389.jpg,mask_0389.png
398,0519.jpg,mask_0519.png
399,0295.jpg,mask_0295.png
400,0530.jpg,mask_0530.png
401,0492.jpg,mask_0492.png
402,0681.jpg,mask_0681.png
403,0368.jpg,mask_0368.png
404,0683.jpg,mask_0683.png
405,0276.jpg,mask_0276.png
406,0673.jpg,mask_0673.png
407,0361.jpg,mask_0361.png
408,0023.jpg,mask_0023.png
409,0488.jpg,mask_0488.png
410,0392.jpg,mask_0392.png
411,0203.jpg,mask_0203.png
412,0518.jpg,mask_0518.png
413,0139.jpg,mask_0139.png
414,0604.jpg,mask_0604.png
415,0265.jpg,mask_0265.png
416,0742.jpg,mask_0742.png
417,0720.jpg,mask_0720.png
418,0709.jpg,mask_0709.png
419,0573.jpg,mask_0573.png
420,0634.jpg,mask_0634.png
421,0291.jpg,mask_0291.png
422,0473.jpg,mask_0473.png
423,0384.jpg,mask_0384.png
424,0185.jpg,mask_0185.png
425,0663.jpg,mask_0663.png
426,0661.jpg,mask_0661.png
427,0553.jpg,mask_0553.png
428,0342.jpg,mask_0342.png
429,0022.jpg,mask_0022.png
430,0172.jpg,mask_0172.png
431,0469.jpg,mask_0469.png
432,0712.jpg,mask_0712.png
433,0635.jpg,mask_0635.png
434,0178.jpg,mask_0178.png
435,0394.jpg,mask_0394.png
436,0200.jpg,mask_0200.png
437,0538.jpg,mask_0538.png
438,0653.jpg,mask_0653.png
439,0328.jpg,mask_0328.png
440,0560.jpg,mask_0560.png
441,0132.jpg,mask_0132.png
442,0405.jpg,mask_0405.png
443,0659.jpg,mask_0659.png
444,0557.jpg,mask_0557.png
445,0641.jpg,mask_0641.png
446,0195.jpg,mask_0195.png
447,0142.jpg,mask_0142.png
448,0484.jpg,mask_0484.png
449,0544.jpg,mask_0544.png
450,0154.jpg,mask_0154.png
451,0692.jpg,mask_0692.png
452,0012.jpg,mask_0012.png
453,0331.jpg,mask_0331.png
454,0098.jpg,mask_0098.png
455,0263.jpg,mask_0263.png
456,0765.jpg,mask_0765.png
457,0638.jpg,mask_0638.png
458,0616.jpg,mask_0616.png
459,0727.jpg,mask_0727.png
460,0600.jpg,mask_0600.png
461,0719.jpg,mask_0719.png
462,0399.jpg,mask_0399.png
463,0077.jpg,mask_0077.png
464,0079.jpg,mask_0079.png
465,0325.jpg,mask_0325.png
466,0151.jpg,mask_0151.png
467,0718.jpg,mask_0718.png
468,0582.jpg,mask_0582.png
469,0724.jpg,mask_0724.png
470,0537.jpg,mask_0537.png
471,0632.jpg,mask_0632.png
472,0529.jpg,mask_0529.png
473,0315.jpg,mask_0315.png
474,0437.jpg,mask_0437.png
475,0388.jpg,mask_0388.png
476,0153.jpg,mask_0153.png
477,0367.jpg,mask_0367.png
478,0192.jpg,mask_0192.png
479,0655.jpg,mask_0655.png
480,0416.jpg,mask_0416.png
481,0305.jpg,mask_0305.png
482,0089.jpg,mask_0089.png
483,0702.jpg,mask_0702.png
484,0486.jpg,mask_0486.png
485,0353.jpg,mask_0353.png
486,0168.jpg,mask_0168.png
487,0664.jpg,mask_0664.png
488,0722.jpg,mask_0722.png
489,0157.jpg,mask_0157.png
490,0424.jpg,mask_0424.png
491,0449.jpg,mask_0449.png
492,0343.jpg,mask_0343.png
493,0128.jpg,mask_0128.png
494,0024.jpg,mask_0024.png
495,0685.jpg,mask_0685.png
496,0346.jpg,mask_0346.png
497,0539.jpg,mask_0539.png
498,0435.jpg,mask_0435.png
499,0027.jpg,mask_0027.png
500,0198.jpg,mask_0198.png
501,0066.jpg,mask_0066.png
502,0017.jpg,mask_0017.png
503,0534.jpg,mask_0534.png
504,0362.jpg,mask_0362.png
505,0690.jpg,mask_0690.png
506,0403.jpg,mask_0403.png
507,0028.jpg,mask_0028.png
508,0657.jpg,mask_0657.png
509,0045.jpg,mask_0045.png
510,0565.jpg,mask_0565.png
511,0583.jpg,mask_0583.png
512,0737.jpg,mask_0737.png
513,0629.jpg,mask_0629.png
514,0522.jpg,mask_0522.png
515,0455.jpg,mask_0455.png
516,0073.jpg,mask_0073.png
517,0610.jpg,mask_0610.png
518,0524.jpg,mask_0524.png
519,0703.jpg,mask_0703.png
520,0499.jpg,mask_0499.png
521,0696.jpg,mask_0696.png
522,0723.jpg,mask_0723.png
523,0326.jpg,mask_0326.png
524,0262.jpg,mask_0262.png
525,0383.jpg,mask_0383.png
526,0581.jpg,mask_0581.png
527,0380.jpg,mask_0380.png
528,0602.jpg,mask_0602.png
529,0386.jpg,mask_0386.png
530,0009.jpg,mask_0009.png
531,0461.jpg,mask_0461.png
532,0143.jpg,mask_0143.png
533,0088.jpg,mask_0088.png
534,0546.jpg,mask_0546.png
535,0571.jpg,mask_0571.png
536,0271.jpg,mask_0271.png
537,0649.jpg,mask_0649.png
538,0630.jpg,mask_0630.png
539,0466.jpg,mask_0466.png
540,0738.jpg,mask_0738.png
541,0558.jpg,mask_0558.png
542,0314.jpg,mask_0314.png
543,0536.jpg,mask_0536.png
544,0425.jpg,mask_0425.png
545,0316.jpg,mask_0316.png
546,0339.jpg,mask_0339.png
547,0180.jpg,mask_0180.png
548,0345.jpg,mask_0345.png
549,0458.jpg,mask_0458.png
550,0576.jpg,mask_0576.png
551,0652.jpg,mask_0652.png
552,0131.jpg,mask_0131.png
553,0146.jpg,mask_0146.png
554,0715.jpg,mask_0715.png
555,0074.jpg,mask_0074.png
556,0296.jpg,mask_0296.png
557,0039.jpg,mask_0039.png
